-- 1. Tabelul MARCA

CREATE TABLE MARCA (
    ID_MARCA NUMBER(10) GENERATED BY DEFAULT AS IDENTITY PRIMARY KEY,
    NUME_MARCA VARCHAR2(50) NOT NULL,
    TARA_PROVENIENTA VARCHAR2(50)
);

-- 2. Tabelul MODEL
CREATE TABLE MODEL (
    ID_MODEL NUMBER(10) GENERATED BY DEFAULT AS IDENTITY PRIMARY KEY,
    ID_MARCA NUMBER(10) NOT NULL,
    NUME_MODEL VARCHAR2(50) NOT NULL,
    CONSTRAINT FK_MODEL_MARCA FOREIGN KEY (ID_MARCA) REFERENCES MARCA (ID_MARCA)
);

-- 3. Tabelul MECANIC
CREATE TABLE MECANIC (
    CNP_MECANIC CHAR(13) PRIMARY KEY,
    NUME VARCHAR2(50) NOT NULL,
    PRENUME VARCHAR2(50) NOT NULL,
    TELEFON VARCHAR2(15),
    EMAIL VARCHAR2(100) NOT NULL UNIQUE,
    SALARIU NUMBER(10, 2),
    CONSTRAINT CHK_SALARIU_MECANIC CHECK (SALARIU > 0)
);

-- 4. Tabelul VEHICUL
CREATE TABLE VEHICUL (
    VIN VARCHAR2(17) PRIMARY KEY,
    ID_MODEL NUMBER(10) NOT NULL,
    CNP_MECANIC CHAR(13) NOT NULL,
    AN_FABRICATIE NUMBER(4),
    KILOMETRAJ NUMBER(10),
    TIP_COMBUSTIBIL VARCHAR2(20),
    CAPACITATE_CILINDRICA NUMBER(5),
    TRACTIUNE VARCHAR2(20),
    TIP_CUTIE VARCHAR2(20),
    STATUS_VEHICUL VARCHAR2(20),
    CONSTRAINT FK_VEHICUL_MODEL FOREIGN KEY (ID_MODEL) REFERENCES MODEL(ID_MODEL),
    CONSTRAINT FK_VEHICUL_MECANIC FOREIGN KEY (CNP_MECANIC) REFERENCES MECANIC(CNP_MECANIC),
    CONSTRAINT CHK_AN_FABRICATIE CHECK (AN_FABRICATIE > 1900),
    CONSTRAINT CHK_KILOMETRAJ CHECK (KILOMETRAJ >= 0),
    CONSTRAINT CHK_CAPACITATE CHECK (CAPACITATE_CILINDRICA > 0)
);

-- 5. Tabelul DAUNE
CREATE TABLE DAUNE (
    ID_DAUNA NUMBER(10) GENERATED BY DEFAULT AS IDENTITY PRIMARY KEY,
    VIN VARCHAR2(17) NOT NULL,
    DESCRIERE VARCHAR2(500),
    COST_ESTIMAT NUMBER(10, 2),
    SEVERITATE VARCHAR2(20),
    CONSTRAINT FK_DAUNA_VEHICUL FOREIGN KEY (VIN) REFERENCES VEHICUL(VIN) ON DELETE CASCADE,
    CONSTRAINT CHK_COST_DAUNA CHECK (COST_ESTIMAT >= 0)
);

-- 6. Tabelul PARTICIPANT
CREATE TABLE PARTICIPANT (
    CNP_PARTICIPANT CHAR(13) PRIMARY KEY,
    NUME VARCHAR2(50) NOT NULL,
    PRENUME VARCHAR2(50) NOT NULL,
    TELEFON VARCHAR2(15),
    EMAIL VARCHAR2(100) NOT NULL UNIQUE,
    SOLD_CURENT NUMBER(10, 2) DEFAULT 0,
    DATA_INSCRIERE DATE DEFAULT SYSDATE,
    CONSTRAINT CHK_SOLD_PARTICIPANT CHECK (SOLD_CURENT >= 0)
);

-- 7. Tabelul LICITATIE
CREATE TABLE LICITATIE (
    ID_LICITATIE NUMBER(10) GENERATED BY DEFAULT AS IDENTITY PRIMARY KEY,
    VIN VARCHAR2(17) NOT NULL,
    DATA_INCEPUT DATE NOT NULL,
    DATA_SFARSIT DATE NOT NULL,
    PRET_PORNIRE NUMBER(10, 2) NOT NULL,
    STATUS_LICITATIE VARCHAR2(20),
    CONSTRAINT FK_LICITATIE_VEHICUL FOREIGN KEY (VIN) REFERENCES VEHICUL(VIN),
    CONSTRAINT CHK_DATE_LICITATIE CHECK (DATA_SFARSIT > DATA_INCEPUT),
    CONSTRAINT CHK_PRET_PORNIRE CHECK (PRET_PORNIRE > 0),
    CONSTRAINT CHK_STATUS_LICITATIE CHECK (STATUS_LICITATIE IN ('Activa', 'Incheiata', 'Anulata'))
);

-- 8. Tabelul OFERTA
CREATE TABLE OFERTA (
    ID_OFERTA NUMBER(10) GENERATED BY DEFAULT AS IDENTITY PRIMARY KEY,
    ID_LICITATIE NUMBER(10) NOT NULL,
    CNP_PARTICIPANT CHAR(13) NOT NULL,
    SUMA_OFERITA NUMBER(10, 2) NOT NULL,
    DATA_OFERTA TIMESTAMP DEFAULT CURRENT_TIMESTAMP,
    CONSTRAINT FK_OFERTA_LICITATIE FOREIGN KEY (ID_LICITATIE) REFERENCES LICITATIE(ID_LICITATIE),
    CONSTRAINT FK_OFERTA_PARTICIPANT FOREIGN KEY (CNP_PARTICIPANT) REFERENCES PARTICIPANT(CNP_PARTICIPANT),
    CONSTRAINT CHK_SUMA_OFERITA CHECK (SUMA_OFERITA > 0)
);

-- 1. MARCA
INSERT INTO MARCA (NUME_MARCA, TARA_PROVENIENTA) VALUES ('BMW', 'Germania');
INSERT INTO MARCA (NUME_MARCA, TARA_PROVENIENTA) VALUES ('Audi', 'Germania');
INSERT INTO MARCA (NUME_MARCA, TARA_PROVENIENTA) VALUES ('Mercedes-Benz', 'Germania');
INSERT INTO MARCA (NUME_MARCA, TARA_PROVENIENTA) VALUES ('Toyota', 'Japonia');
INSERT INTO MARCA (NUME_MARCA, TARA_PROVENIENTA) VALUES ('Volkswagen', 'Germania');
INSERT INTO MARCA (NUME_MARCA, TARA_PROVENIENTA) VALUES ('Ford', 'SUA');
INSERT INTO MARCA (NUME_MARCA, TARA_PROVENIENTA) VALUES ('Volvo', 'Suedia');
INSERT INTO MARCA (NUME_MARCA, TARA_PROVENIENTA) VALUES ('Mazda', 'Japonia');
INSERT INTO MARCA (NUME_MARCA, TARA_PROVENIENTA) VALUES ('Hyundai', 'Coreea de Sud');
INSERT INTO MARCA (NUME_MARCA, TARA_PROVENIENTA) VALUES ('Renault', 'Franta');

-- 2. MECANIC
INSERT INTO MECANIC (CNP_MECANIC, NUME, PRENUME, TELEFON, EMAIL, SALARIU) VALUES ('1800101123451', 'Popescu', 'Ion', '0721000001', 'ion.p@auto.ro', 4500);
INSERT INTO MECANIC (CNP_MECANIC, NUME, PRENUME, TELEFON, EMAIL, SALARIU) VALUES ('2850202123452', 'Ionescu', 'Maria', '0721000002', 'maria.i@auto.ro', 4800);
INSERT INTO MECANIC (CNP_MECANIC, NUME, PRENUME, TELEFON, EMAIL, SALARIU) VALUES ('1750303123453', 'Georgescu', 'Dan', '0721000003', 'dan.g@auto.ro', 4200);
INSERT INTO MECANIC (CNP_MECANIC, NUME, PRENUME, TELEFON, EMAIL, SALARIU) VALUES ('1900404123454', 'Dumitru', 'Alex', '0721000004', 'alex.d@auto.ro', 5000);
INSERT INTO MECANIC (CNP_MECANIC, NUME, PRENUME, TELEFON, EMAIL, SALARIU) VALUES ('1820505123455', 'Stoica', 'Andrei', '0721000005', 'andrei.s@auto.ro', 4600);
INSERT INTO MECANIC (CNP_MECANIC, NUME, PRENUME, TELEFON, EMAIL, SALARIU) VALUES ('2880606123456', 'Radu', 'Elena', '0721000006', 'elena.r@auto.ro', 4700);
INSERT INTO MECANIC (CNP_MECANIC, NUME, PRENUME, TELEFON, EMAIL, SALARIU) VALUES ('1700707123457', 'Mihai', 'Cristian', '0721000007', 'cristi.m@auto.ro', 4300);
INSERT INTO MECANIC (CNP_MECANIC, NUME, PRENUME, TELEFON, EMAIL, SALARIU) VALUES ('1920808123458', 'Stan', 'Gabriel', '0721000008', 'gabi.s@auto.ro', 5100);
INSERT INTO MECANIC (CNP_MECANIC, NUME, PRENUME, TELEFON, EMAIL, SALARIU) VALUES ('2910909123459', 'Luca', 'Adriana', '0721000009', 'adriana.l@auto.ro', 4900);
INSERT INTO MECANIC (CNP_MECANIC, NUME, PRENUME, TELEFON, EMAIL, SALARIU) VALUES ('1851010123410', 'Matei', 'Victor', '0721000010', 'victor.m@auto.ro', 4400);

-- 3. MODEL
INSERT INTO MODEL (ID_MARCA, NUME_MODEL) VALUES (1, 'X5');
INSERT INTO MODEL (ID_MARCA, NUME_MODEL) VALUES (2, 'A6');
INSERT INTO MODEL (ID_MARCA, NUME_MODEL) VALUES (3, 'C-Class');
INSERT INTO MODEL (ID_MARCA, NUME_MODEL) VALUES (4, 'Rav4');
INSERT INTO MODEL (ID_MARCA, NUME_MODEL) VALUES (5, 'Golf 8');
INSERT INTO MODEL (ID_MARCA, NUME_MODEL) VALUES (6, 'Focus');
INSERT INTO MODEL (ID_MARCA, NUME_MODEL) VALUES (7, 'XC90');
INSERT INTO MODEL (ID_MARCA, NUME_MODEL) VALUES (8, 'CX-5');
INSERT INTO MODEL (ID_MARCA, NUME_MODEL) VALUES (9, 'Tucson');
INSERT INTO MODEL (ID_MARCA, NUME_MODEL) VALUES (10, 'Megane');

-- 4. VEHICUL
INSERT INTO VEHICUL (VIN, ID_MODEL, CNP_MECANIC, AN_FABRICATIE, KILOMETRAJ, TIP_COMBUSTIBIL, CAPACITATE_CILINDRICA, TRACTIUNE, TIP_CUTIE, STATUS_VEHICUL) VALUES ('VIN00000000000001', 1, '1800101123451', 2021, 45000, 'Diesel', 2993, 'Integrala', 'Automata', 'In stoc');
INSERT INTO VEHICUL (VIN, ID_MODEL, CNP_MECANIC, AN_FABRICATIE, KILOMETRAJ, TIP_COMBUSTIBIL, CAPACITATE_CILINDRICA, TRACTIUNE, TIP_CUTIE, STATUS_VEHICUL) VALUES ('VIN00000000000002', 2, '2850202123452', 2020, 62000, 'Benzina', 1984, 'Fata', 'Automata', 'Licitatie');
INSERT INTO VEHICUL (VIN, ID_MODEL, CNP_MECANIC, AN_FABRICATIE, KILOMETRAJ, TIP_COMBUSTIBIL, CAPACITATE_CILINDRICA, TRACTIUNE, TIP_CUTIE, STATUS_VEHICUL) VALUES ('VIN00000000000003', 3, '1750303123453', 2019, 85000, 'Hybrid', 1991, 'Spate', 'Automata', 'In stoc');
INSERT INTO VEHICUL (VIN, ID_MODEL, CNP_MECANIC, AN_FABRICATIE, KILOMETRAJ, TIP_COMBUSTIBIL, CAPACITATE_CILINDRICA, TRACTIUNE, TIP_CUTIE, STATUS_VEHICUL) VALUES ('VIN00000000000004', 4, '1900404123454', 2022, 15000, 'Benzina', 2487, 'Integrala', 'Automata', 'Licitatie');
INSERT INTO VEHICUL (VIN, ID_MODEL, CNP_MECANIC, AN_FABRICATIE, KILOMETRAJ, TIP_COMBUSTIBIL, CAPACITATE_CILINDRICA, TRACTIUNE, TIP_CUTIE, STATUS_VEHICUL) VALUES ('VIN00000000000005', 5, '1820505123455', 2021, 30000, 'Benzina', 1498, 'Fata', 'Manuala', 'Vandut');
INSERT INTO VEHICUL (VIN, ID_MODEL, CNP_MECANIC, AN_FABRICATIE, KILOMETRAJ, TIP_COMBUSTIBIL, CAPACITATE_CILINDRICA, TRACTIUNE, TIP_CUTIE, STATUS_VEHICUL) VALUES ('VIN00000000000006', 6, '2880606123456', 2018, 110000, 'Diesel', 1500, 'Fata', 'Manuala', 'Licitatie');
INSERT INTO VEHICUL (VIN, ID_MODEL, CNP_MECANIC, AN_FABRICATIE, KILOMETRAJ, TIP_COMBUSTIBIL, CAPACITATE_CILINDRICA, TRACTIUNE, TIP_CUTIE, STATUS_VEHICUL) VALUES ('VIN00000000000007', 7, '1700707123457', 2023, 5000, 'Electric', 1, 'Integrala', 'Automata', 'In stoc');
INSERT INTO VEHICUL (VIN, ID_MODEL, CNP_MECANIC, AN_FABRICATIE, KILOMETRAJ, TIP_COMBUSTIBIL, CAPACITATE_CILINDRICA, TRACTIUNE, TIP_CUTIE, STATUS_VEHICUL) VALUES ('VIN00000000000008', 8, '1920808123458', 2020, 58000, 'Benzina', 2488, 'Fata', 'Automata', 'Licitatie');
INSERT INTO VEHICUL (VIN, ID_MODEL, CNP_MECANIC, AN_FABRICATIE, KILOMETRAJ, TIP_COMBUSTIBIL, CAPACITATE_CILINDRICA, TRACTIUNE, TIP_CUTIE, STATUS_VEHICUL) VALUES ('VIN00000000000009', 9, '2910909123459', 2021, 25000, 'Diesel', 1598, 'Integrala', 'Automata', 'Licitatie');
INSERT INTO VEHICUL (VIN, ID_MODEL, CNP_MECANIC, AN_FABRICATIE, KILOMETRAJ, TIP_COMBUSTIBIL, CAPACITATE_CILINDRICA, TRACTIUNE, TIP_CUTIE, STATUS_VEHICUL) VALUES ('VIN00000000000010', 10, '1851010123410', 2017, 145000, 'Diesel', 1461, 'Fata', 'Manuala', 'Vandut');

-- 5. DAUNE
INSERT INTO DAUNE (VIN, DESCRIERE, COST_ESTIMAT, SEVERITATE) VALUES ('VIN00000000000002', 'Zgarietura portiera dreapta', 800, 'Minora');
INSERT INTO DAUNE (VIN, DESCRIERE, COST_ESTIMAT, SEVERITATE) VALUES ('VIN00000000000003', 'Parbriz ciobit', 2500, 'Medie');
INSERT INTO DAUNE (VIN, DESCRIERE, COST_ESTIMAT, SEVERITATE) VALUES ('VIN00000000000004', 'Janta zgariata', 1200, 'Minora');
INSERT INTO DAUNE (VIN, DESCRIERE, COST_ESTIMAT, SEVERITATE) VALUES ('VIN00000000000006', 'Lovitura aripa stanga', 3500, 'Medie');
INSERT INTO DAUNE (VIN, DESCRIERE, COST_ESTIMAT, SEVERITATE) VALUES ('VIN00000000000008', 'Tapiterie uzata', 1500, 'Minora');
INSERT INTO DAUNE (VIN, DESCRIERE, COST_ESTIMAT, SEVERITATE) VALUES ('VIN00000000000009', 'Senzor parcare defect', 600, 'Minora');
INSERT INTO DAUNE (VIN, DESCRIERE, COST_ESTIMAT, SEVERITATE) VALUES ('VIN00000000000001', 'Revizie intarziata', 100, 'Minora');
INSERT INTO DAUNE (VIN, DESCRIERE, COST_ESTIMAT, SEVERITATE) VALUES ('VIN00000000000010', 'Accident frontal reparat', 15000, 'Majora');
INSERT INTO DAUNE (VIN, DESCRIERE, COST_ESTIMAT, SEVERITATE) VALUES ('VIN00000000000002', 'Oglinda stanga crapata', 450, 'Minora');
INSERT INTO DAUNE (VIN, DESCRIERE, COST_ESTIMAT, SEVERITATE) VALUES ('VIN00000000000005', 'Anvelope uzate', 2000, 'Medie');

-- 6. PARTICIPANT
INSERT INTO PARTICIPANT (CNP_PARTICIPANT, NUME, PRENUME, TELEFON, EMAIL, SOLD_CURENT, DATA_INSCRIERE) VALUES ('1900101112233', 'Ardelean', 'Cosmin', '0744000111', 'cosmin.a@email.com', 50000, SYSDATE-30);
INSERT INTO PARTICIPANT (CNP_PARTICIPANT, NUME, PRENUME, TELEFON, EMAIL, SOLD_CURENT, DATA_INSCRIERE) VALUES ('2920202112233', 'Balan', 'Simona', '0744000112', 'simona.b@email.com', 75000, SYSDATE-25);
INSERT INTO PARTICIPANT (CNP_PARTICIPANT, NUME, PRENUME, TELEFON, EMAIL, SOLD_CURENT, DATA_INSCRIERE) VALUES ('1850303112233', 'Cazacu', 'Vlad', '0744000113', 'vlad.c@email.com', 30000, SYSDATE-20);
INSERT INTO PARTICIPANT (CNP_PARTICIPANT, NUME, PRENUME, TELEFON, EMAIL, SOLD_CURENT, DATA_INSCRIERE) VALUES ('1980404112233', 'Dima', 'Robert', '0744000114', 'robert.d@email.com', 120000, SYSDATE-15);
INSERT INTO PARTICIPANT (CNP_PARTICIPANT, NUME, PRENUME, TELEFON, EMAIL, SOLD_CURENT, DATA_INSCRIERE) VALUES ('2990505112233', 'Ene', 'Laura', '0744000115', 'laura.e@email.com', 45000, SYSDATE-10);
INSERT INTO PARTICIPANT (CNP_PARTICIPANT, NUME, PRENUME, TELEFON, EMAIL, SOLD_CURENT, DATA_INSCRIERE) VALUES ('1800606112233', 'Fodor', 'Stefan', '0744000116', 'stefan.f@email.com', 90000, SYSDATE-5);
INSERT INTO PARTICIPANT (CNP_PARTICIPANT, NUME, PRENUME, TELEFON, EMAIL, SOLD_CURENT, DATA_INSCRIERE) VALUES ('1760707112233', 'Ganea', 'Paul', '0744000117', 'paul.g@email.com', 25000, SYSDATE-2);
INSERT INTO PARTICIPANT (CNP_PARTICIPANT, NUME, PRENUME, TELEFON, EMAIL, SOLD_CURENT, DATA_INSCRIERE) VALUES ('2880808112233', 'Hagi', 'Iulia', '0744000118', 'iulia.h@email.com', 60000, SYSDATE-1);
INSERT INTO PARTICIPANT (CNP_PARTICIPANT, NUME, PRENUME, TELEFON, EMAIL, SOLD_CURENT, DATA_INSCRIERE) VALUES ('1910909112233', 'Iacob', 'Marius', '0744000119', 'marius.i@email.com', 15000, SYSDATE);
INSERT INTO PARTICIPANT (CNP_PARTICIPANT, NUME, PRENUME, TELEFON, EMAIL, SOLD_CURENT, DATA_INSCRIERE) VALUES ('2951010112233', 'Juncu', 'Oana', '0744000120', 'oana.j@email.com', 85000, SYSDATE);

-- 7. LICITATIE
INSERT INTO LICITATIE (VIN, DATA_INCEPUT, DATA_SFARSIT, PRET_PORNIRE, STATUS_LICITATIE) VALUES ('VIN00000000000002', SYSDATE-2, SYSDATE+2, 18000, 'Activa');
INSERT INTO LICITATIE (VIN, DATA_INCEPUT, DATA_SFARSIT, PRET_PORNIRE, STATUS_LICITATIE) VALUES ('VIN00000000000004', SYSDATE-1, SYSDATE+1, 25000, 'Activa');
INSERT INTO LICITATIE (VIN, DATA_INCEPUT, DATA_SFARSIT, PRET_PORNIRE, STATUS_LICITATIE) VALUES ('VIN00000000000006', SYSDATE-3, SYSDATE-1, 12000, 'Incheiata');
INSERT INTO LICITATIE (VIN, DATA_INCEPUT, DATA_SFARSIT, PRET_PORNIRE, STATUS_LICITATIE) VALUES ('VIN00000000000008', SYSDATE-2, SYSDATE+3, 19500, 'Activa');
INSERT INTO LICITATIE (VIN, DATA_INCEPUT, DATA_SFARSIT, PRET_PORNIRE, STATUS_LICITATIE) VALUES ('VIN00000000000009', SYSDATE-1, SYSDATE+4, 16000, 'Activa');
INSERT INTO LICITATIE (VIN, DATA_INCEPUT, DATA_SFARSIT, PRET_PORNIRE, STATUS_LICITATIE) VALUES ('VIN00000000000001', SYSDATE-10, SYSDATE-5, 35000, 'Anulata');
INSERT INTO LICITATIE (VIN, DATA_INCEPUT, DATA_SFARSIT, PRET_PORNIRE, STATUS_LICITATIE) VALUES ('VIN00000000000003', SYSDATE-5, SYSDATE-2, 22000, 'Incheiata');
INSERT INTO LICITATIE (VIN, DATA_INCEPUT, DATA_SFARSIT, PRET_PORNIRE, STATUS_LICITATIE) VALUES ('VIN00000000000007', SYSDATE, SYSDATE+7, 45000, 'Activa');
INSERT INTO LICITATIE (VIN, DATA_INCEPUT, DATA_SFARSIT, PRET_PORNIRE, STATUS_LICITATIE) VALUES ('VIN00000000000005', SYSDATE-20, SYSDATE-15, 14000, 'Incheiata');
INSERT INTO LICITATIE (VIN, DATA_INCEPUT, DATA_SFARSIT, PRET_PORNIRE, STATUS_LICITATIE) VALUES ('VIN00000000000010', SYSDATE-30, SYSDATE-25, 9000, 'Incheiata');

-- 8. OFERTA
INSERT INTO OFERTA (ID_LICITATIE, CNP_PARTICIPANT, SUMA_OFERITA, DATA_OFERTA) VALUES (1, '1900101112233', 18500, CURRENT_TIMESTAMP);
INSERT INTO OFERTA (ID_LICITATIE, CNP_PARTICIPANT, SUMA_OFERITA, DATA_OFERTA) VALUES (1, '2920202112233', 19000, CURRENT_TIMESTAMP);
INSERT INTO OFERTA (ID_LICITATIE, CNP_PARTICIPANT, SUMA_OFERITA, DATA_OFERTA) VALUES (2, '1980404112233', 26000, CURRENT_TIMESTAMP);
INSERT INTO OFERTA (ID_LICITATIE, CNP_PARTICIPANT, SUMA_OFERITA, DATA_OFERTA) VALUES (3, '1800606112233', 12500, CURRENT_TIMESTAMP);
INSERT INTO OFERTA (ID_LICITATIE, CNP_PARTICIPANT, SUMA_OFERITA, DATA_OFERTA) VALUES (4, '2880808112233', 20000, CURRENT_TIMESTAMP);
INSERT INTO OFERTA (ID_LICITATIE, CNP_PARTICIPANT, SUMA_OFERITA, DATA_OFERTA) VALUES (5, '2951010112233', 16500, CURRENT_TIMESTAMP);
INSERT INTO OFERTA (ID_LICITATIE, CNP_PARTICIPANT, SUMA_OFERITA, DATA_OFERTA) VALUES (2, '2920202112233', 27000, CURRENT_TIMESTAMP);
INSERT INTO OFERTA (ID_LICITATIE, CNP_PARTICIPANT, SUMA_OFERITA, DATA_OFERTA) VALUES (1, '1800606112233', 20000, CURRENT_TIMESTAMP);
INSERT INTO OFERTA (ID_LICITATIE, CNP_PARTICIPANT, SUMA_OFERITA, DATA_OFERTA) VALUES (4, '1980404112233', 21000, CURRENT_TIMESTAMP);
INSERT INTO OFERTA (ID_LICITATIE, CNP_PARTICIPANT, SUMA_OFERITA, DATA_OFERTA) VALUES (8, '1980404112233', 46000, CURRENT_TIMESTAMP);

COMMIT;


--SELECTIE VEHICULE DE INTERES
SELECT NMA.NUME_MARCA,
       NMO.NUME_MODEL,
       V.VIN,
       V.AN_FABRICATIE,
       V.KILOMETRAJ,
       V.STATUS_VEHICUL
FROM MARCA NMA
JOIN MODEL NMO ON NMO.ID_MARCA = NMA.ID_MARCA
JOIN VEHICUL V ON NMO.ID_MODEL = V.ID_MODEL
WHERE V.STATUS_VEHICUL = 'Licitatie'
AND V.KILOMETRAJ < 150000;

--AFISARE TOP N CEI MAI ACTIVI PARTICIPANTI (IN FUNCTIE DE NUMARUL DE OFERTE)
SELECT * FROM (SELECT P.NUME,
                      P.PRENUME,
                      COUNT(O.ID_OFERTA)  AS NUMAR_OFERTE,
                      MAX(O.SUMA_OFERITA) AS OFERTA_MAXIMA
               FROM PARTICIPANT P
                        JOIN OFERTA O ON P.CNP_PARTICIPANT = O.CNP_PARTICIPANT
               GROUP BY P.NUME, P.PRENUME
               HAVING COUNT(O.ID_OFERTA) >= 1
               ORDER BY NUMAR_OFERTE DESC
) WHERE ROWNUM <= :n;

--VIEWS

--NOMENCLATURA
CREATE OR REPLACE VIEW MODELE_MARCI AS
    SELECT MO.ID_MODEL,
           MO.NUME_MODEL,
           MO.ID_MARCA,
           MA.NUME_MARCA
    FROM MODEL MO
    JOIN MARCA MA ON MO.ID_MARCA = MA.ID_MARCA;

INSERT INTO MODELE_MARCI (NUME_MODEL, ID_MARCA) VALUES ('X7',1);

SELECT * FROM MODELE_MARCI;

--STATISTICI DAUNE
CREATE OR REPLACE VIEW STATISTICI_DAUNE AS
SELECT
    M.NUME_MARCA,
    MOD.NUME_MODEL,
    V.VIN,
    COUNT(D.ID_DAUNA) AS TOTAL_INCIDENTE,
    NVL(SUM(D.COST_ESTIMAT), 0) AS COST_TOTAL_REPARATII
FROM VEHICUL V
JOIN MODEL MOD ON V.ID_MODEL = MOD.ID_MODEL
JOIN MARCA M ON MOD.ID_MARCA = M.ID_MARCA
LEFT JOIN DAUNE D ON V.VIN = D.VIN
GROUP BY M.NUME_MARCA, MOD.NUME_MODEL, V.VIN;

SELECT * FROM STATISTICI_DAUNE;

DROP TABLE OFERTA CASCADE CONSTRAINTS;
DROP TABLE LICITATIE CASCADE CONSTRAINTS;
DROP TABLE DAUNE CASCADE CONSTRAINTS;
DROP TABLE VEHICUL CASCADE CONSTRAINTS;
DROP TABLE PARTICIPANT CASCADE CONSTRAINTS;
DROP TABLE MECANIC CASCADE CONSTRAINTS;
DROP TABLE MODEL CASCADE CONSTRAINTS;
DROP TABLE MARCA CASCADE CONSTRAINTS;

